{
  "project_info": {
    "project_number": "417108787785",
    "firebase_url": "https://blog-app-d5912.firebaseio.com",
    "project_id": "blog-app-d5912",
    "storage_bucket": "blog-app-d5912.appspot.com"
  },
  "client": [
    {
      "client_info": {
        "mobilesdk_app_id": "1:417108787785:android:6d9c148a68b11deea23598",
        "android_client_info": {
          "package_name": "com.rober.blogapp"
        }
      },
      "oauth_client": [
        {
          "client_id": "417108787785-nlfq4am17jsjfsh6d3o96bcho060rmmg.apps.googleusercontent.com",
          "client_type": 3
        }
      ],
      "api_key": [
        {
          "current_key": "AIzaSyDYNZGFY_fbMjx5PJUpLRqflFeqXCg86qo"
        }
      ],
      "services": {
        "appinvite_service": {
          "other_platform_oauth_client": [
            {
              "client_id": "417108787785-nlfq4am17jsjfsh6d3o96bcho060rmmg.apps.googleusercontent.com",
              "client_type": 3
            }
          ]
        }
      }
    }
  ],
  "configuration_version": "1"
}